ElementType	ElementSubtype	Chromosome	Coordinate	ChromPos	Gene	VariantType	Ref	Alt	dbSNP	Info	Disease	General Info	DOI
Enhancer	Intronic Enhancer	11	111231125	11:111231125	POU2AF1	SNV	G	A	rs536987419	"creates transcription factor binding motifs for the three NF-E2-like transcription factors, BACH1, BACH2, and NFE2"	head and neck squamous cell carcinoma	"While this site is mutated in several liver cancer patients, this specific G to A has only been described in 1 head and neck patient - in silico evidence suggests it creates new TFBS for three NF-E2-like transcription factors, BACH1, BACH2, and NFE2 but experimental evidence validating this and its role in cancer is lacking"	https://doi.org/10.1038/s41525-021-00197-6
Enhancer		11	111231125	11:111231125	POU2AF1	SNV	G	C	rs536987419		liver hepatocellular carcinoma	FATHMM-MKL score predicts the mutation is not functionally significant	https://doi.org/10.1038/s41525-021-00197-6
Enhancer		13	35540771	13:35540771	NBEA	SNV	T	C	rs557277423			Not described in detail in paper - might need to dig through supplementary to find it	https://doi.org/10.1038/s41525-021-00197-6
FindOutLater		5	112151184	5:112151184	APC	SNV	A	G		disease is coordinate-level - not allele level	Colorectal	n=6	https://doi.org/10.1126/science.abg5601
FindOutLater		21	18984827	21:18984827	BTG3	SNV	C	T		disease is coordinate-level - not allele level	Bladder	n=5	https://doi.org/10.1126/science.abg5602
FindOutLater		9	35658037	9:35658037	CCDC107	SNV	A	G		disease is coordinate-level - not allele level	Kidney	n=3	https://doi.org/10.1126/science.abg5603
FindOutLater		9	35658037	9:35658037	CCDC107	SNV	A	T		disease is coordinate-level - not allele level	Kidney	n=1	https://doi.org/10.1126/science.abg5603
FindOutLater		9	35658043	9:35658043		SNV	T	G		disease is coordinate-level - not allele level	Breast	n=3	https://doi.org/10.1126/science.abg5604
FindOutLater		9	35658043	9:35658043		SNV	T	C		disease is coordinate-level - not allele level	Breast	n=1	https://doi.org/10.1126/science.abg5604
FindOutLater		4	15014015	4:15014015	CPEB2	SNV	G	A		disease is coordinate-level - not allele level	Colorectal	n=3	https://doi.org/10.1126/science.abg5605
FindOutLater		19	4724177	19:4724177	DPP9	SNV	G	C		disease is coordinate-level - not allele level	Bladder	n=2	https://doi.org/10.1126/science.abg5606
FindOutLater		19	4724177	19:4724177	DPP9	SNV	G	A		disease is coordinate-level - not allele level	Bladder	n=3	https://doi.org/10.1126/science.abg5606
FindOutLater		10	123358162	10:123358162	FGFR2	SNV	G	C		disease is coordinate-level - not allele level	"Bladder, Lung"	n=4	https://doi.org/10.1126/science.abg5607
FindOutLater		10	123358162	10:123358162	FGFR2	SNV	G	A		disease is coordinate-level - not allele level	"Bladder, Lung"	n=4	https://doi.org/10.1126/science.abg5607
FindOutLater		19	893457	19:893457	MED16	SNV	A	C		disease is coordinate-level - not allele level	Liver	n=3	https://doi.org/10.1126/science.abg5608
FindOutLater		9	139390152	9:139390152	NOTCH1	SNV	T	C		disease is coordinate-level - not allele level	Leukemia	n=3	https://doi.org/10.1126/science.abg5609
FindOutLater		1	204475696	1:204475696	PIK3C2B	SNV	G	A		disease is coordinate-level - not allele level	Bladder	n=3	https://doi.org/10.1126/science.abg5610
FindOutLater		8	97273988	8:97273988	PTDSS1	SNV	A	C		disease is coordinate-level - not allele level	Esophagus	n=4	https://doi.org/10.1126/science.abg5611
FindOutLater		8	97273988	8:97273988	PTDSS1	SNV	A	G		disease is coordinate-level - not allele level	Esophagus	n=1	https://doi.org/10.1126/science.abg5611
FindOutLater		8	97274000	8:97274000		SNV	T	C		disease is coordinate-level - not allele level	Esophagus	n=3	https://doi.org/10.1126/science.abg5612
FindOutLater		7	66205811	7:66205811	RABGEF1	SNV	G	A		disease is coordinate-level - not allele level	Bladder	n=3	https://doi.org/10.1126/science.abg5613
FindOutLater		5	16539585	5:16539585	RETREG1	SNV	C	G		disease is coordinate-level - not allele level	Liver	n=3	https://doi.org/10.1126/science.abg5614
FindOutLater		18	48584702	18:48584702	SMAD4	SNV	A	G		disease is coordinate-level - not allele level	Colorectal	n=3	https://doi.org/10.1126/science.abg5615
FindOutLater		2	17935100	2:17935100	SMC6	SNV	C	T		disease is coordinate-level - not allele level	Breast	n=3	https://doi.org/10.1126/science.abg5616
FindOutLater		3	136470662	3:136470662	STAG1	SNV	G	A		disease is coordinate-level - not allele level	Breast	n=5	https://doi.org/10.1126/science.abg5617
FindOutLater		5	1295228	5:1295228	TERT	SNV	G	A		disease is coordinate-level - not allele level	"Bladder, Brain, HeadNeck, Kidney, Liver, Thyroid"	n=133	"https://doi.org/10.1126/science.abg5618;https://doi.org/10.1038/s41525-021-00197-6
https://doi.org/10.1126/science.abg5601"
FindOutLater		5	1295228	5:1295228	TERT	SNV	G	T		disease is coordinate-level - not allele level	"Bladder, Brain, HeadNeck, Kidney, Liver, Thyroid"	n=1	"https://doi.org/10.1126/science.abg5618;https://doi.org/10.1038/s41525-021-00197-6
https://doi.org/10.1126/science.abg5601"
FindOutLater		5	1295250	5:1295250	TERT	SNV	G	A		disease is coordinate-level - not allele level	"Bladder, Brain"	n=24	"https://doi.org/10.1126/science.abg5619;https://doi.org/10.1038/s41525-021-00197-6
https://doi.org/10.1126/science.abg5601"
FindOutLater		6	28831475	6:28831475	TRIM27	SNV	G	A		disease is coordinate-level - not allele level	Bladder	n=3	https://doi.org/10.1126/science.abg5620
FindOutLater		6	28950049	6:28950049		SNV	G	A		disease is coordinate-level - not allele level	Bladder	n=9	https://doi.org/10.1126/science.abg5621
FindOutLater		6	27446699	6:27446699	ZNF184	SNV	G	A		disease is coordinate-level - not allele level	Bladder	n=3	https://doi.org/10.1126/science.abg5622